{
    "\u5de6\u76f8\u6a5f\u5167\u53c3\u77e9\u9663": [
        [
            2199.047060508074,
            0.0,
            2764.8374655890902
        ],
        [
            0.0,
            2208.700298202632,
            2437.493985764763
        ],
        [
            0.0,
            0.0,
            1.0
        ]
    ],
    "\u5de6\u76f8\u6a5f\u7578\u8b8a\u4fc2\u6578": [
        [
            -0.009887893548197295,
            -0.026139988444885534,
            -0.001679789351828265,
            -0.0034989291714864566,
            0.02397797740606755
        ]
    ],
    "\u5de6\u524d\u76f8\u6a5f\u5167\u53c3\u77e9\u9663": [
        [
            2179.8265163107594,
            0.0,
            2850.1789650641317
        ],
        [
            0.0,
            2188.381476055986,
            2414.849664642188
        ],
        [
            0.0,
            0.0,
            1.0
        ]
    ],
    "\u5de6\u524d\u76f8\u6a5f\u7578\u8b8a\u4fc2\u6578": [
        [
            0.00712984497792666,
            -0.0629511277796328,
            0.0006903436002798722,
            0.004238944138470995,
            0.053596180847498884
        ]
    ],
    "\u65cb\u8f49\u77e9\u9663": [
        [
            0.9819438598197564,
            -0.013843332167994543,
            0.1886653606700636
        ],
        [
            0.013268991390408108,
            0.9999026871039489,
            0.004306993125562982
        ],
        [
            -0.18870662423391468,
            -0.0017258264075331563,
            0.9820319910743495
        ]
    ],
    "\u5e73\u79fb\u5411\u91cf": [
        [
            -369.67991020607946
        ],
        [
            -10.73453540517685
        ],
        [
            43.029596568360255
        ]
    ],
    "\u5de6\u76f8\u6a5f\u6295\u5f71\u77e9\u9663": [
        [
            2199.047060508074,
            0.0,
            2764.8374655890902,
            0.0
        ],
        [
            0.0,
            2208.700298202632,
            2437.493985764763,
            0.0
        ],
        [
            0.0,
            0.0,
            1.0,
            0.0
        ]
    ],
    "\u5de6\u524d\u76f8\u6a5f\u6295\u5f71\u77e9\u9663": [
        [
            1602.6196122038755,
            -35.09497665799542,
            3210.2246798780957,
            -683196.0198002564
        ],
        [
            -426.6605132823128,
            2184.000906995424,
            2380.8849682872756,
            80418.74840803725
        ],
        [
            -0.18870662423391468,
            -0.0017258264075331563,
            0.9820319910743495,
            43.029596568360255
        ]
    ]
}